"Region","qué hacer en loja","qué hacer en vilcabamba","turismo en saraguro","pueblos mágicos","virgen del cisne"
"Loja",4,0,0,0,96
"Pichincha",1,0,0,3,96
"Azuay",1,0,0,1,98
"Guayas",1,0,0,1,98
"Carchi Province",0,0,1,0,99
"Orellana Province",0,0,0,13,87
"Sucumbíos Province",0,0,0,9,91
"Manabí Province",0,0,0,4,96
"Santo Domingo de los Tsáchilas Province",0,0,0,3,97
"Tungurahua",0,0,0,3,97
"Bolívar Province",0,0,0,0,100
"Esmeraldas Province",0,0,0,0,100
"Cañar Province",0,0,0,0,100
"Chimborazo Province",0,0,0,0,100
"Imbabura Province",0,0,0,0,100
"Provincia de Napo",0,0,0,0,100
"El Oro",0,0,0,0,100
"Los Ríos Province",0,0,0,0,100
"Morona-Santiago Province",0,0,0,0,100
"Santa Elena Province",0,0,0,0,100
"Galápagos Islands",0,0,0,0,100
"Cotopaxi Province",0,0,0,0,100
"Pastaza Province",0,0,0,0,100
"Zamora-Chinchipe Province",0,0,0,0,100