"Time","qué hacer en loja","qué hacer en vilcabamba","turismo en saraguro","pueblos mágicos","virgen del cisne"
"2021-10-01",0,0,0,0,24
"2021-11-01",0,0,0,0,23
"2021-12-01",0,0,0,0,19
"2022-01-01",0,0,0,0,20
"2022-02-01",0,0,0,0,25
"2022-03-01",2,0,0,0,26
"2022-04-01",0,0,0,0,30
"2022-05-01",0,0,0,0,32
"2022-06-01",0,0,0,0,25
"2022-07-01",0,0,0,2,31
"2022-08-01",0,0,0,0,97
"2022-09-01",0,0,0,0,37
"2022-10-01",0,0,0,0,34
"2022-11-01",0,0,0,0,35
"2022-12-01",0,0,0,0,24
"2023-01-01",0,0,0,1,23
"2023-02-01",0,0,0,0,26
"2023-03-01",0,0,0,0,25
"2023-04-01",0,0,0,0,26
"2023-05-01",0,0,0,0,36
"2023-06-01",0,0,0,0,27
"2023-07-01",0,0,0,0,43
"2023-08-01",0,0,0,0,92
"2023-09-01",0,0,0,0,40
"2023-10-01",0,0,0,0,33
"2023-11-01",2,0,0,2,33
"2023-12-01",0,0,0,0,24
"2024-01-01",0,0,0,2,22
"2024-02-01",0,0,0,0,22
"2024-03-01",0,0,0,0,20
"2024-04-01",0,0,0,0,21
"2024-05-01",0,0,0,0,27
"2024-06-01",0,0,0,0,26
"2024-07-01",0,0,0,0,37
"2024-08-01",0,0,0,0,98
"2024-09-01",0,0,0,0,30
"2024-10-01",0,0,0,0,31
"2024-11-01",0,0,0,0,30
"2024-12-01",0,0,0,0,20
"2025-01-01",0,0,0,0,23
"2025-02-01",0,0,0,0,18
"2025-03-01",0,0,0,0,16
"2025-04-01",0,0,0,0,23
"2025-05-01",0,0,0,0,31
"2025-06-01",0,0,0,0,22
"2025-07-01",0,0,0,0,42
"2025-08-01",0,0,0,0,93
"2025-09-01",3,0,0,0,37
"2025-10-01",0,0,0,0,33
"2025-11-01",0,0,0,2,35
"2025-12-01",0,0,0,0,22
"2026-01-01",0,0,0,0,22
"2026-02-01",0,0,0,0,24
"2026-03-01",0,0,0,0,25
"2026-04-01",0,0,0,0,24
"2026-05-01",0,0,0,0,27
"2026-06-01",0,0,0,0,22
"2026-07-01",0,0,0,0,40
"2026-08-01",0,0,0,0,100
"2026-09-01",0,0,0,0,42
"2026-10-01",1,0,0,0,30